<?xml version="1.0" encoding="UTF-8"?>
<project-private xmlns="http://www.netbeans.org/ns/project-private/1">
    <data xmlns="http://www.netbeans.org/ns/make-project-private/1">
        <activeConfTypeElem>1</activeConfTypeElem>
        <activeConfIndexElem>0</activeConfIndexElem>
    </data>
    <editor-bookmarks xmlns="http://www.netbeans.org/ns/editor-bookmarks/2" lastBookmarkId="0"/>
    <open-files xmlns="http://www.netbeans.org/ns/projectui-open-files/2">
        <group>
            <file>file:/C:/Users/SergioVago/Documents/trabalhoprog2/trabalhoprog2/tArmazena.c</file>
            <file>file:/C:/Users/SergioVago/Documents/trabalhoprog2/trabalhoprog2/tFTroca.h</file>
            <file>file:/C:/Users/SergioVago/Documents/trabalhoprog2/trabalhoprog2/tArmazena.h</file>
            <file>file:/C:/Users/SergioVago/Documents/trabalhoprog2/trabalhoprog2/ParametrosInicializacao.c</file>
            <file>file:/C:/Users/SergioVago/Documents/trabalhoprog2/trabalhoprog2/tShape.h</file>
            <file>file:/C:/Users/SergioVago/Documents/trabalhoprog2/trabalhoprog2/tShape.c</file>
            <file>file:/C:/Users/SergioVago/Documents/trabalhoprog2/trabalhoprog2/main.c</file>
        </group>
    </open-files>
</project-private>
