<?xml version="1.0" encoding="UTF-8"?>
<project xmlns="http://www.netbeans.org/ns/project/1">
    <type>org.netbeans.modules.cnd.makeproject</type>
    <configuration>
        <data xmlns="http://www.netbeans.org/ns/make-project/1">
            <name>trabalhoprog2</name>
            <c-extensions>c</c-extensions>
            <cpp-extensions/>
            <header-extensions>h</header-extensions>
            <sourceEncoding>UTF-8</sourceEncoding>
            <make-dep-projects/>
            <sourceRootList/>
            <confList>
                <confElem>
                    <name>Debug</name>
                    <type>1</type>
                </confElem>
                <confElem>
                    <name>Release</name>
                    <type>1</type>
                </confElem>
            </confList>
            <formatting>
                <project-formatting-style>false</project-formatting-style>
            </formatting>
        </data>
        <spellchecker-wordlist xmlns="http://www.netbeans.org/ns/spellchecker-wordlist/1">
            <word>arquivo</word>
            <word>caminho</word>
            <word>caso</word>
            <word>diretorio</word>
            <word>erro</word>
            <word>falhou</word>
            <word>impressao</word>
            <word>Le</word>
            <word>leitura</word>
            <word>parametros</word>
            <word>passado</word>
            <word>preenche</word>
            <word>Roda</word>
            <word>todo</word>
            <word>Vizinhos</word>
        </spellchecker-wordlist>
    </configuration>
</project>
